"tech_job","m","GEO"
"Non-tech",67350.7677777654,"US"
"Tech",129657.197081387,"US"
"Non-tech",68281.0769555197,"Canada"
"Tech",94831.4389273472,"Canada"
